,Subject,Price,Cases,Deaths,Cured,Lockdown,Wave,Vaccine,CPI,OilPrice,FII,DII,erate,egr,inflation,repo,r_repo,IIP,Nasdaq
0,1,32778.14,0,0,0,0,1,0,148.6,31.5,-3475.29,3918.24,74.25,-7.97,5.5,4.4,4,117.2,7201.799805
1,2,34103.48,1,1,0,0,1,0,148.6,31.73,-6027.58,5867.9,73.86,-7.97,5.5,4.4,4,117.2,7874.879883
2,5,31390.07,7,0,3,0,1,0,148.6,28.7,-3809.93,2614.54,74.01,-7.97,5.5,4.4,4,117.2,6904.589844
3,6,30579.09,23,1,1,0,1,0,148.6,26.95,-4044.69,3422.12,74.26,-7.97,5.5,4.4,4,117.2,7334.779785
4,7,28869.51,9,0,0,0,1,0,148.6,20.37,-5085.35,3636.44,74.55,-7.97,5.5,4.4,4,117.2,6989.839844
5,8,28288.23,20,0,1,0,1,0,148.6,25.22,-4622.93,4367.43,74.78,-7.97,5.5,4.4,4,117.2,7150.580078
6,9,29915.96,29,1,5,0,1,0,148.6,22.43,-3806.11,2724.835,75.31,-7.97,5.5,4.4,4,117.2,6879.52002
7,12,25981.24,73,0,0,0,1,0,148.6,23.36,-2989.29,1082.24,76.29,-7.97,5.5,4.4,4,117.2,6860.669922
8,13,26674.03,59,2,13,0,1,0,148.6,24.01,-2153.35,1553.66,76.37,-7.97,5.5,4.4,4,117.2,7417.859863
9,14,28535.78,27,1,3,1,1,0,148.6,24.49,-1893.36,737.98,76.36,-7.97,5.5,4.4,4,117.2,7384.299805
10,15,29946.77,130,3,3,1,1,0,148.6,22.6,-484.78,-769.93,74.89,-7.97,5.5,4.4,4,117.2,7797.540039
11,16,29815.59,75,4,24,1,1,0,148.6,21.51,355.78,1703.72,75.47,-7.97,5.5,4.4,4,117.2,7502.379883
12,19,28440.32,92,4,13,1,1,0,148.6,20.09,-4363.61,3550.33,75.33,-7.97,5.5,4.4,4,117.2,7774.149902
13,20,29468.49,326,6,24,1,1,0,148.6,20.48,-3044.94,3576.23,75.39,-7.97,5.5,4.4,4,117.2,7700.100098
14,21,28265.31,240,3,9,1,1,0,151.4,20.31,-1116.79,-450.36,76.4,-7.97,5.45,4.4,4,54,7360.580078
15,23,27590.95,336,6,6,1,1,0,151.4,28.34,-1960.97,226.55,76.24,-7.97,5.45,4.4,4,54,7373.080078
16,27,30067.21,354,5,34,1,1,0,151.4,23.63,741.77,422.51,75.64,-7.97,5.45,4.4,4,54,7887.259766
17,28,29893.96,773,35,76,1,1,0,151.4,25.09,1943.41,-1757.79,75.96,-7.97,5.45,4.4,4,54,8090.899902
18,29,31159.62,540,17,71,1,1,0,151.4,22.76,1737.62,-466.02,76.3,-7.97,5.45,4.4,4,54,8153.580078
19,33,30690.02,796,35,141,1,1,0,151.4,22.41,-1243.74,-1096.89,76.25,-7.97,5.45,4.4,4,54,8192.419922
20,35,30379.81,1076,38,270,1,1,0,151.4,19.87,1358.66,-1097.86,76.56,-7.97,5.45,4.4,4,54,8393.179688
21,36,30602.61,941,37,183,1,1,0,151.4,19.87,-2920.36,1321.44,76.75,-7.97,5.45,4.4,4,54,8532.360352
22,37,31588.72,1007,23,260,1,1,0,151.4,18.27,-1391.98,534.24,76.56,-7.97,5.45,4.4,3.75,54,8650.139648
23,40,31648,1553,36,316,1,1,0,151.4,-37.63,-265.89,-788.87,76.56,-7.97,5.45,4.4,3.75,54,8560.730469
24,41,30636.71,1336,47,705,1,1,0,151.4,10.01,-2095.23,-68.46,76.95,-7.97,5.45,4.4,3.75,54,8263.230469
25,42,31379.55,1383,50,618,1,1,0,151.4,13.78,-1326.09,863.82,76.44,-7.97,5.45,4.4,3.75,54,8495.379883
26,43,31863.08,1409,41,388,1,1,0,151.4,16.5,-114.58,338.27,75.84,-7.97,5.45,4.4,3.75,54,8494.75
27,44,31327.22,1684,37,491,1,1,0,151.4,16.94,-207.29,-993.98,76.26,-7.97,5.45,4.4,3.75,54,8634.519531
28,47,31743.08,1396,48,381,1,1,0,151.4,12.78,-916.42,1141.97,76.23,-7.97,5.45,4.4,3.75,54,8730.160156
29,48,32114.52,1543,62,684,1,1,0,151.4,12.34,-122.15,389,75.96,-7.97,5.45,4.4,3.75,54,8607.730469
30,49,32720.16,1897,73,827,1,1,0,151.4,15.06,722.08,78.67,75.45,-7.97,5.45,4.4,3.75,54,8914.709961
31,50,33717.62,1718,67,629,1,1,0,151.4,18.84,1968.8,579.03,75.08,-7.97,5.45,4.4,3.75,54,8889.549805
32,54,31715.35,2553,72,1074,1,1,0,150.9,20.39,-1373.98,-1661.61,75.64,-7.97,5.1,4.4,3.75,90.2,8710.709961
33,55,31453.51,3900,195,1020,1,1,0,150.9,24.56,-1059.39,-995.3,75.72,-7.97,5.1,4.4,3.75,90.2,8809.120117
34,56,31685.75,2957,126,1456,1,1,0,150.9,23.99,-493.68,322.47,76.08,-7.97,5.1,4.4,3.75,90.2,8854.389648
35,57,31443.38,3561,89,1084,1,1,0,150.9,23.55,19056.49,3818.41,75.78,-7.97,5.1,4.4,3.75,90.2,8979.660156
36,58,31642.7,3390,103,1273,1,1,0,150.9,24.74,1724.71,-1503.14,75.58,-7.97,5.1,4.4,3.75,90.2,9121.320313
37,61,31561.22,4213,97,1559,1,1,0,150.9,24.14,534.87,-821.6,75.87,-7.97,5.1,4.4,3.75,90.2,9192.339844
38,62,31371.12,3604,87,1538,1,1,0,150.9,25.78,-1662.03,-364,75.03,-7.97,5.1,4.4,3.75,90.2,9002.549805
39,63,32008.61,3525,122,1931,1,1,0,150.9,25.29,-283.43,232.65,75.33,-7.97,5.1,4.4,3.75,90.2,8863.169922
40,64,31122.89,3722,134,1849,1,1,0,150.9,27.56,-2152.52,802.36,75.48,-7.97,5.1,4.4,3.75,90.2,8943.719727
41,65,31097.73,3967,100,1685,1,1,0,150.9,29.43,-2388.04,1225.53,75.82,-7.97,5.1,4.4,3.75,90.2,9014.55957
42,68,30028.98,5242,157,2715,1,1,0,150.9,31.82,-2512.82,-152.42,75.74,-7.97,5.1,4.4,3.75,90.2,9234.830078
43,69,30196.17,4970,134,2350,1,1,0,150.9,32.5,-1328.31,1659.74,75.67,-7.97,5.1,4.4,3.75,90.2,9185.099609
44,70,30818.61,5611,140,3124,1,1,0,150.9,33.49,-1466.52,2373.19,75.47,-7.97,5.1,4.4,3.75,90.2,9375.780273
45,71,30932.9,5609,132,3002,1,1,0,150.9,33.92,-258.73,401.78,75.63,-7.97,5.1,4.4,3.75,90.2,9284.879883
46,72,30672.59,6088,148,3234,1,1,0,150.9,33.25,-1353.9,-344.16,75.99,-7.97,5.1,4,3.35,90.2,9324.589844
47,76,30609.3,6535,146,2770,1,1,0,150.9,34.35,4716.13,2841.09,75.43,-7.97,5.1,4,3.35,90.2,9340.219727
48,77,31605.22,6387,170,3935,1,1,0,150.9,32.81,-334.74,2408.85,75.88,-7.97,5.1,4,3.35,90.2,9412.360352
49,78,32200.59,6566,194,3266,1,1,0,150.9,33.71,2354.14,144.83,75.67,-7.97,5.1,4,3.35,90.2,9368.990234
50,79,32424.1,7466,175,3414,1,1,0,150.9,35.49,1460.71,967.43,75.59,-7.97,5.1,4,3.35,90.2,9489.870117
51,82,33303.52,8392,230,4835,1,1,0,151.8,35.44,1575.46,-459.25,75.56,-7.97,5.06,4,3.35,107.9,9552.049805
52,83,33825.53,8171,204,3708,1,1,0,151.8,36.81,7498.29,441.05,75.03,-7.97,5.06,4,3.35,107.9,9608.379883
53,84,34109.54,8909,217,4776,1,1,0,151.8,37.29,1851.12,-781.79,75.32,-7.97,5.06,4,3.35,107.9,9682.910156
54,85,33980.7,9304,260,3804,1,1,0,151.8,37.41,2905.04,-847.31,75.43,-7.97,5.06,4,3.35,107.9,9615.80957
55,86,34287.24,9851,273,5355,1,1,0,151.8,39.55,97.61,47.29,75.61,-7.97,5.06,4,3.35,107.9,9814.080078
56,89,34370.58,9983,206,4802,0,1,0,151.8,38.19,813.27,-1238.23,75.44,-7.97,5.06,4,3.35,107.9,9924.75
57,90,33956.69,9987,331,5120,0,1,0,151.8,38.94,490.81,-733.33,75.44,-7.97,5.06,4,3.35,107.9,9953.75
58,91,34247.05,9985,279,5991,0,1,0,151.8,39.6,-919.26,500.7,75.65,-7.97,5.06,4,3.35,107.9,10020.34961
59,92,33538.37,9996,357,5823,0,1,0,151.8,36.34,-805.14,-874.35,75.97,-7.97,5.06,4,3.35,107.9,9492.730469
60,93,33780.89,10956,396,6166,0,1,0,151.8,36.26,-1311.49,1945.15,76.03,-7.97,5.06,4,3.35,107.9,9588.80957
61,96,33228.8,11502,325,7419,0,1,0,151.8,37.12,-2960.33,1076.38,75.97,-7.97,5.06,4,3.35,107.9,9726.019531
62,97,33605.22,10667,380,10215,0,1,0,151.8,38.38,-1478.52,1161.51,76.19,-7.97,5.06,4,3.35,107.9,9895.870117
63,98,33507.92,10974,2003,6922,0,1,0,151.8,37.96,-486.62,168.05,76.25,-7.97,5.06,4,3.35,107.9,9910.530273
64,99,34208.05,12881,334,7390,0,1,0,151.8,38.84,366.57,1131.27,76.32,-7.97,5.06,4,3.35,107.9,9943.049805
65,100,34731.73,13586,336,10386,0,1,0,151.8,39.75,1237,-880.66,76.21,-7.97,5.06,4,3.35,107.9,9946.120117
66,103,34911.32,14821,445,9440,0,1,0,151.8,40.46,702.98,-213.09,75.76,-7.97,5.06,4,3.35,107.9,10056.48047
67,104,35430.43,14933,312,10994,0,1,0,151.8,40.37,168.96,454.48,75.48,-7.97,5.06,4,3.35,107.9,10131.37012
68,105,34868.98,15968,465,10495,0,1,0,151.8,38.01,1766.9,-1524.9,75.65,-7.97,5.06,4,3.35,107.9,9909.169922
69,106,34842.1,16922,418,13012,0,1,0,151.8,38.72,-1050.61,-255.59,75.58,-7.97,5.06,4,3.35,107.9,10017
70,107,35171.27,17296,407,13940,0,1,0,151.8,38.49,-753.18,1304.18,75.63,-7.97,5.06,4,3.35,107.9,9757.219727
71,110,34961.52,19459,380,12010,0,1,0,151.8,39.7,-1937.06,1036.13,75.52,-7.97,5.06,4,3.35,107.9,9874.150391
72,111,34915.8,18522,418,13099,0,1,0,151.8,39.27,-2000.08,2051.31,75.53,-7.97,5.06,4,3.35,107.9,10058.76953
73,112,35414.45,18653,507,13157,0,1,0,153.9,39.82,-1696.45,1377.13,75.5,-7.97,5.33,4,3.35,117.9,10154.62988
74,113,35843.7,19148,434,11881,0,1,0,153.9,40.65,-556.72,908.64,74.78,-7.97,5.33,4,3.35,117.9,10207.62988
75,114,36021.42,20903,379,20032,0,1,0,153.9,40.28,857.29,-331.96,74.7,-7.97,5.33,4,3.35,117.9,10320.64014
76,117,36487.28,24248,425,15350,0,1,0,153.9,40.63,348.35,263.47,74.62,-7.97,5.33,4,3.35,117.9,10433.65039
77,118,36674.52,22252,467,15515,0,1,0,153.9,40.62,829.9,-784.47,74.81,-7.97,5.33,4,3.35,117.9,10343.88965
78,119,36329.01,22752,482,16883,0,1,0,153.9,40.9,-994.87,-853.41,74.94,-7.97,5.33,4,3.35,117.9,10492.5
79,120,36737.69,24879,487,19547,0,1,0,153.9,39.62,212.77,-803.39,75.12,-7.97,5.33,4,3.35,117.9,10547.75
80,121,36594.33,26506,475,19135,0,1,0,153.9,40.55,-1031,-431.21,75.14,-7.97,5.33,4,3.35,117.9,10617.44043
81,124,36693.69,28701,500,18850,0,1,0,153.9,40.1,221.76,-1485.59,75.16,-7.97,5.33,4,3.35,117.9,10390.83984
82,125,36033.06,28498,553,17989,0,1,0,153.9,40.29,-1565.62,-649.7,75.38,-7.97,5.33,4,3.35,117.9,10488.58008
83,126,36051.81,29429,582,20572,0,1,0,153.9,41.2,-221.7,-899.37,75.11,-7.97,5.33,4,3.35,117.9,10550.49023
84,127,36471.68,32695,606,20783,0,1,0,153.9,40.75,-1091.08,1659.91,75.11,-7.97,5.33,4,3.35,117.9,10473.83008
85,128,37020.14,34956,687,22942,0,1,0,153.9,40.59,697.08,-209.42,74.93,-7.97,5.33,4,3.35,117.9,10503.19043
86,131,37418.99,40425,681,22664,0,1,0,153.9,40.81,1709.97,-1521.99,74.77,-7.97,5.33,4,3.35,117.9,10767.08984
87,132,37930.33,37148,587,24491,0,1,0,153.9,41.96,2265.88,-727.39,74.54,-7.97,5.33,4,3.35,117.9,10680.36035
88,133,37871.52,37724,648,28472,0,1,0,153.9,41.9,1665.57,-1138.83,74.56,-7.97,5.33,4,3.35,117.9,10706.12988
89,134,38140.47,45720,1129,29557,0,1,0,153.9,41.07,1740.5,-931.91,74.81,-7.97,5.33,4,3.35,117.9,10461.41992
90,135,38128.9,49310,740,34602,0,1,0,153.9,41.29,409.88,-1002.98,74.77,-7.97,5.33,4,3.35,117.9,10363.17969
91,138,37934.73,49931,708,31991,0,1,0,153.9,41.6,-453.31,-977.88,74.77,-7.97,5.33,4,3.35,117.9,10536.26953
92,139,38492.95,47703,654,35175,0,1,0,153.9,41.04,245.95,-1017.4,74.91,-7.97,5.33,4,3.35,117.9,10402.08984
93,140,38071.13,48513,768,35286,0,1,0,153.9,41.27,-352.62,-505.62,74.92,-7.97,5.33,4,3.35,117.9,10542.94043
94,141,37736.07,52123,775,32553,0,1,0,153.9,39.92,207.3,-387.24,74.88,-7.97,5.33,4,3.35,117.9,10587.80957
95,142,37606.89,55078,779,37223,0,1,0,153.9,40.27,-958.64,442.73,74.9,-7.97,5.33,4,3.35,117.9,10745.26953
96,145,36939.6,52972,771,40574,0,1,0,154.7,41.01,7818.49,-135.55,75.2,-7.97,5.63,4,3.35,117.2,10902.79981
97,146,37687.91,52050,803,44306,0,1,0,154.7,41.7,703.74,-665.69,75.06,-7.97,5.63,4,3.35,117.2,10941.16992
98,147,37663.33,52509,857,51706,0,1,0,154.7,42.19,-60.18,-425.98,74.8,-7.97,5.63,4,3.35,117.2,10998.40039
99,148,38025.45,56282,904,46121,0,1,0,154.7,41.95,637.43,-468,74.87,-7.97,5.63,4,3.35,117.2,11108.07031
100,149,38040.57,62538,886,49769,0,1,0,154.7,41.22,397.32,-438.62,75.04,-7.97,5.63,4,3.35,117.2,11010.98047
101,152,38182.08,62064,1007,54859,0,1,0,154.7,41.94,302.88,-504.92,74.91,-7.97,5.63,4,3.35,117.2,10968.36035
102,153,38407.01,53601,871,47746,0,1,0,154.7,41.61,1013.66,-1415.54,74.61,-7.97,5.63,4,3.35,117.2,10782.82031
103,154,38369.63,60963,834,56110,0,1,0,154.7,42.67,351.15,-939.67,74.73,-7.97,5.63,4,3.35,117.2,11012.24023
104,155,38310.49,66999,942,56383,0,1,0,154.7,42.24,416.28,-763.54,74.81,-7.97,5.63,4,3.35,117.2,11042.5
105,156,37877.34,64553,1007,55573,0,1,0,154.7,42.01,46.39,-797.08,74.87,-7.97,5.63,4,3.35,117.2,11019.29981
106,159,38050.78,57981,941,57584,0,1,0,154.7,42.89,332.9,-717.62,74.74,-7.97,5.63,4,3.35,117.2,11129.73047
107,160,38528.32,55079,876,57937,0,1,0,154.7,42.89,1134.57,-379.38,74.62,-7.97,5.63,4,3.35,117.2,11210.83984
108,161,38614.79,64531,1092,60091,0,1,0,154.7,42.93,459.01,-97.13,74.85,-7.97,5.63,4,3.35,117.2,11146.45996
109,162,38220.39,69652,977,58794,0,1,0,154.7,42.58,-268.46,-672.23,75.01,-7.97,5.63,4,3.35,117.2,11264.9502
110,163,38434.72,68898,983,62282,0,1,0,154.7,42.34,410.16,-250.65,74.92,-7.97,5.63,4,3.35,117.2,11311.79981
111,166,38799.08,61408,836,57469,0,1,0,154.7,42.62,219.07,-335.64,74.17,-7.97,5.63,4,3.35,117.2,11379.71973
112,167,38843.88,60975,848,66550,0,1,0,154.7,43.35,1481.2,-172.97,74.2,-7.97,5.63,4,3.35,117.2,11466.46973
113,168,39073.92,67151,1059,63173,0,1,0,154.7,43.39,1581.31,-1194.62,74.22,-7.97,5.63,4,3.35,117.2,11665.05957
114,169,39113.47,75760,1023,56013,0,1,0,154.7,43.04,1164.32,-809.27,73.89,-7.97,5.63,4,3.35,117.2,11625.33984
115,170,39467.31,77266,1057,60177,0,1,0,154.7,42.97,1004.11,-543.56,73.11,-7.97,5.63,4,3.35,117.2,11695.62988
116,173,38628.29,78512,971,60868,0,1,0,154.7,42.61,-3395.49,680.88,73.25,-7.97,5.63,4,3.35,117.2,11775.45996
117,174,38900.8,69921,819,65081,0,1,0,156.4,42.76,486.09,-775.23,73,-7.97,5.62,4,3.35,124.1,11939.66992
118,175,39086.03,78357,1045,62026,0,1,0,156.4,41.51,990.57,-657.48,73.27,-7.97,5.62,4,3.35,124.1,12056.44043
119,176,38990.94,83883,1043,68584,0,1,0,156.4,41.37,7.72,120.08,73.39,-7.97,5.62,4,3.35,124.1,11458.09961
120,177,38357.18,83341,1096,66659,0,1,0,156.4,39.77,-1888.78,-456.88,73.29,-7.97,5.62,4,3.35,124.1,11313.12988
121,180,38417.23,90802,1016,69564,0,1,0,156.4,39.2,-6.93,-815.82,73.535,-7.97,5.62,4,3.35,124.1,11080.41016
122,181,38365.35,75809,1133,73521,0,1,0,156.4,36.76,-1056.52,620.29,73.78,-7.97,5.62,4,3.35,124.1,10847.69043
123,182,38193.92,89706,1115,74894,0,1,0,156.4,38.05,-959.09,-263.97,73.38,-7.97,5.62,4,3.35,124.1,11141.55957
124,183,38840.32,95735,1172,72939,0,1,0,156.4,37.3,838.37,-317.3,73.43,-7.97,5.62,4,3.35,124.1,10919.58984
125,184,38854.55,96551,1209,70880,0,1,0,156.4,37.33,1175.81,-724.31,73.45,-7.97,5.62,4,3.35,124.1,10853.54981
126,187,38756.63,92071,1136,77512,0,1,0,156.4,37.26,298.22,-120.35,73.42,-7.97,5.62,4,3.35,124.1,11056.65039
127,188,39044.35,83809,1054,79292,0,1,0,156.4,38.28,1170.89,-895.63,73.57,-7.97,5.62,4,3.35,124.1,11190.32031
128,189,39302.85,90123,1290,82961,0,1,0,156.4,40.16,264.66,-212.21,73.54,-7.97,5.62,4,3.35,124.1,11050.46973
129,190,38979.85,97894,1132,82719,0,1,0,156.4,40.97,-249.82,-1067.83,73.6,-7.97,5.62,4,3.35,124.1,10910.28027
130,191,38845.82,96424,1174,87472,0,1,0,156.4,41.11,205.15,-100.83,73.54,-7.97,5.62,4,3.35,124.1,10793.28027
131,194,38034.14,86961,1130,93356,0,1,0,156.4,39.31,-539.81,-517.95,73.58,-7.97,5.62,4,3.35,124.1,10778.79981
132,195,37734.08,75083,1053,101468,0,1,0,156.4,39.6,-2072.76,878.91,73.5,-7.97,5.62,4,3.35,124.1,10963.63965
133,196,37668.42,83347,1085,89746,0,1,0,156.4,39.93,-3912.44,1629.23,73.53,-7.97,5.62,4,3.35,124.1,10632.99023
134,197,36553.6,86508,1129,87374,0,1,0,156.4,40.31,-1885.69,188.64,73.9,-7.97,5.62,4,3.35,124.1,10672.26953
135,198,37388.66,86052,1141,81177,0,1,0,156.4,40.25,-2080.21,2070.63,73.71,-7.97,5.62,4,3.35,124.1,10913.55957
136,201,37981.63,82170,1039,74893,0,1,0,156.4,40.6,-26.98,542.34,73.79,-7.97,5.62,4,3.35,124.1,11117.53027
137,202,37973.22,70589,776,84877,0,1,0,156.4,39.29,-1456.66,576.5,73.78,-7.97,5.62,4,3.35,124.1,11085.25
138,203,38067.93,80472,1179,86428,0,1,0,156.4,40.22,-712.48,409.47,73.54,-7.97,5.62,4,3.35,124.1,11167.50977
139,204,38697.05,86821,1181,85376,0,1,0,158.4,38.72,1632.25,259.46,73.18,-7.97,5.91,4,3.35,129.6,11326.50977
140,208,38973.7,74442,903,76737,0,1,0,158.4,39.22,236.71,-471.56,73.09,-7.97,5.91,4,3.35,129.6,11332.49023
141,209,39574.57,61267,884,75787,0,1,0,158.4,40.67,1101.76,-934.84,73.4,-7.97,5.91,4,3.35,129.6,11154.59961
142,210,39878.95,72049,986,82203,0,1,0,158.4,39.95,1093.81,-1129.49,73.28,-7.97,5.91,4,3.35,129.6,11364.59961
143,211,40182.67,78524,971,83011,0,1,0,158.4,41.19,978.37,19.85,73.33,-7.97,5.91,4,3.35,129.6,11420.98047
144,212,40509.49,70496,964,78365,0,1,0,158.4,40.6,-39.39,126.61,72.98,-7.97,5.91,4,3.35,129.6,11579.94043
145,215,40593.8,66732,816,71559,0,1,0,158.4,39.43,615.17,-1028.77,73.215,-7.97,5.91,4,3.35,129.6,11876.25977
146,216,40625.51,55342,706,77760,0,1,0,158.4,40.2,832.14,-1674.46,73.45,-7.97,5.91,4,3.35,129.6,11863.90039
147,217,40794.74,63509,730,74632,0,1,0,158.4,41.04,821.86,-1276.14,73.24,-7.97,5.91,4,3.35,129.6,11768.73047
148,218,39728.41,67708,680,81514,0,1,0,158.4,40.96,-604.07,-808.29,73.48,-7.97,5.91,4,3.35,129.6,11713.87012
149,219,39982.98,63371,895,70338,0,1,0,158.4,40.88,-479.59,-429.81,73.42,-7.97,5.91,4,3.35,129.6,11671.55957
150,222,40431.6,55722,579,66399,0,1,0,158.4,40.83,1656.78,-1621.73,73.31,-7.97,5.91,4,3.35,129.6,11478.87988
151,223,40544.37,46790,587,69720,0,1,0,158.4,41.46,1585.07,-1633.23,73.47,-7.97,5.91,4,3.35,129.6,11516.49023
152,224,40707.31,54044,717,61775,0,1,0,158.4,40.03,2108.48,-1633.53,73.62,-7.97,5.91,4,3.35,129.6,11484.69043
153,225,40558.49,55839,702,79415,0,1,0,158.4,40.64,1118.46,-2019.87,73.65,-7.97,5.91,4,3.35,129.6,11506.00977
154,226,40685.5,54366,690,73979,0,1,0,158.4,39.85,906.93,-891.86,73.86,-7.97,5.91,4,3.35,129.6,11548.28027
155,229,40145.5,45148,480,59105,0,1,0,158.4,38.56,-119.42,-979.16,73.93,-7.97,5.91,4,3.35,129.6,11358.94043
156,230,40522.1,36470,488,63842,0,1,0,158.4,39.57,3514.89,-1570.8,73.62,-7.97,5.91,4,3.35,129.6,11431.34961
157,231,39922.46,43893,508,58439,0,1,0,158.4,37.39,-1130.98,1.48,74.19,-7.97,5.91,4,3.35,129.6,11004.87012
158,232,39749.85,49881,517,56480,0,1,0,158.4,36.17,-420.95,-253.41,74.42,-7.97,5.91,4,3.35,129.6,11185.58984
159,233,39614.07,48648,563,57386,0,1,0,158.4,35.79,-870.88,631.11,74.59,-7.97,5.91,4,3.35,129.6,10911.58984
160,236,39757.58,45231,496,53285,0,1,0,158.9,36.81,740.61,-533.97,74.51,-7.97,5.27,4,3.35,126.7,10957.61035
161,237,40261.13,38310,490,58323,0,1,0,158.9,37.66,2274.4,-1100.92,74.61,-7.97,5.27,4,3.35,126.7,11160.57031
162,238,40616.14,46253,514,53357,0,1,0,158.9,39.15,146.22,-8.13,74.36,-7.97,5.27,4,3.35,126.7,11590.78027
163,239,41340.16,50210,704,55331,0,1,0,158.9,38.79,5368.31,-2208.18,73.93,-7.97,5.27,4,3.35,126.7,11890.92969
164,240,41893.06,47638,670,54157,0,1,0,158.9,37.14,4869.87,-2938.66,73.96,-7.97,5.27,4,3.35,126.7,11895.23047
165,243,42597.43,45903,490,48405,0,1,0,158.9,40.29,4548.39,-3036.31,74.03,-7.97,5.27,4,3.35,126.7,11713.78027
166,244,43277.65,38073,448,42033,0,1,0,158.9,41.36,5627.32,-2309.19,74.31,-7.97,5.27,4,3.35,126.7,11553.86035
167,245,43593.67,44281,512,54377,0,1,0,158.9,41.45,6207.19,-3463.86,74.47,-7.97,5.27,4,3.35,126.7,11786.42969
168,246,43357.19,47905,550,52718,0,1,0,158.9,41.12,1514.12,-2239.43,74.63,-7.97,5.27,4,3.35,126.7,11709.58984
169,247,43443,44879,547,49079,0,1,0,158.9,40.13,1935.92,-2462.42,74.56,-7.97,5.27,4,3.35,126.7,11829.29004
170,248,43637.98,44684,520,47992,0,1,0,158.9,40.78,-78.53,-20.27,74.49,-7.97,5.27,4,3.35,126.7,11864.31494
171,251,43952.71,29163,449,40791,0,1,0,158.9,41.43,4905.35,-3829.16,74.42,-7.97,5.27,4,3.35,126.7,11899.33984
172,252,44180.05,38617,474,44739,0,1,0,158.9,41.82,3071.93,-2789.85,74.1,-7.97,5.27,4,3.35,126.7,11801.59961
173,253,43599.96,45576,585,48493,0,1,0,158.9,41.74,1180.61,-2854.94,74.16,-7.97,5.27,4,3.35,126.7,11904.70996
174,254,43882.25,45882,584,44807,0,1,0,158.9,42.15,3860.78,-2868.66,74.12,-7.97,5.27,4,3.35,126.7,11854.96973
175,257,44077.15,44059,511,41024,0,1,0,158.9,43.06,4738.44,-2944.05,74.21,-7.97,5.27,4,3.35,126.7,11880.62988
176,258,44523.02,37975,480,42314,0,1,0,158.9,44.91,4563.18,-2522.11,74.08,-7.97,5.27,4,3.35,126.7,12036.79004
177,259,43828.1,44376,481,37816,0,1,0,158.9,45.71,24.2,-1840.33,73.75,-7.97,5.27,4,3.35,126.7,12094.40039
178,260,44259.74,44489,524,36367,0,1,0,158.9,44.98,2027.31,-3400.1,74.7,-7.97,5.27,4,3.35,126.7,12150.125
179,261,44149.72,43082,492,39379,0,1,0,158.9,45.53,7712.98,-4968.9,74.7,-7.97,5.27,4,3.35,126.7,12205.84961
180,265,44655.44,31118,482,41985,0,1,0,157.3,44.55,3242,-1043.21,73.51,-7.97,3.67,4,3.35,137.4,12355.11035
181,266,44618.04,36604,501,43062,0,1,0,157.3,45.28,357.35,-1635.97,73.72,-7.97,3.67,4,3.35,137.4,12349.37012
182,267,44632.65,35551,526,40726,0,1,0,157.3,45.64,3637.42,-1439.74,73.8,-7.97,3.67,4,3.35,137.4,12377.17969
183,268,45079.55,36595,540,42916,0,1,0,157.3,46.26,2969.59,-1971.6,73.78,-7.97,3.67,4,3.35,137.4,12464.23047
184,271,45426.97,32981,391,39109,0,1,0,157.3,45.76,3792.06,-2767.09,73.83,-7.97,3.67,4,3.35,137.4,12519.9502
185,272,45608.51,26567,385,39045,0,1,0,157.3,45.6,2909.6,-2640.93,73.68,-7.97,3.67,4,3.35,137.4,12582.76953
186,273,46103.5,32080,402,36635,0,1,0,157.3,45.52,3564.23,-2493.1,73.71,-7.97,3.67,4,3.35,137.4,12338.9502
187,274,45959.88,31521,412,37725,0,1,0,157.3,46.78,2259.98,-2275.22,73.72,-7.97,3.67,4,3.35,137.4,12405.80957
188,275,46099.01,29398,414,37528,0,1,0,157.3,46.57,4195.43,-2359,73.73,-7.97,3.67,4,3.35,137.4,12377.87012
189,278,46253.46,27071,336,30695,0,1,0,157.3,46.99,2264.38,-1721.11,73.64,-7.97,3.67,4,3.35,137.4,12440.04004
190,279,46263.17,22065,354,34477,0,1,0,157.3,47.62,2484.09,-2666.79,73.56,-7.97,3.67,4,3.35,137.4,12595.05957
191,280,46666.46,36228.5,548,50790.5,0,1,0,157.3,47.82,1981.77,-1718.45,73.65,-7.97,3.67,4,3.35,137.4,12658.19043
192,281,46890.34,50392,742,67104,0,1,0,157.3,48.36,2355.25,-2494.36,73.53,-7.97,3.67,4,3.35,137.4,12764.75
193,282,46960.69,22890,338,31087,0,1,0,157.3,49.1,2720.95,-2424.61,73.53,-7.97,3.67,4,3.35,137.4,12755.63965
194,285,45553.96,24337,333,25709,0,1,0,157.3,47.74,-323.55,486.12,74.03,-7.97,3.67,4,3.35,137.4,12742.51953
195,286,46006.69,19556,301,30376,0,1,0,157.3,47.02,1153,-661.51,73.85,-7.97,3.67,4,3.35,137.4,12807.91992
196,287,46444.18,23950,333,26895,0,1,0,157.3,48.12,536.13,-1326.92,73.77,-7.97,3.67,4,3.35,137.4,12771.11035
197,288,46973.54,24712,312,29791,0,1,0,157.3,48.23,1225.69,-1897.92,73.635,-7.97,3.67,4,3.35,137.4,12804.73047
198,292,47353.75,20021,279,21131,0,1,0,157.3,47.62,1588.93,-1386.55,73.5,-7.97,3.67,4,3.35,137.4,12899.41992
199,293,47613.08,16432,252,24900,0,1,0,157.3,48,2349.53,-2010.5,73.33,-7.97,3.67,4,3.35,137.4,12850.21973
200,294,47746.22,20549,286,26572,0,1,0,157.3,48.4,1824.52,-587.43,73.13,-7.97,3.67,4,3.35,137.4,12870
201,295,47751.33,21822,299,26139,0,1,0,157.3,48.52,1135.59,-257.64,73.01,-7.97,3.67,4,3.35,137.4,12888.28027
202,296,47868.98,19163,256.5,22848,0,1,0,156.3,127.76,506.21,69.4,73.045,12.55,4.06,4,3.35,136.6,12793.36523
203,299,48176.8,16504,214,19557,0,1,0,156.3,47.62,1843.22,-715.21,73.08,12.55,4.06,4,3.35,136.6,12698.4502
204,300,48437.78,16375,201,29091,0,1,0,156.3,49.93,986.3,-490.03,73.15,12.55,4.06,4,3.35,136.6,12818.95996
205,301,48174.06,18088,264,21314,0,1,0,156.3,50.63,-483.64,-380.41,73.15,12.55,4.06,4,3.35,136.6,12740.79004
206,302,48093.32,20346,222,19587,0,1,0,156.3,50.83,382.3,-989.5,73.43,12.55,4.06,4,3.35,136.6,13067.48047
207,303,48782.51,18139,234,20539,0,1,0,156.3,52.24,6029.83,-2372.54,73.31,12.55,4.06,4,3.35,136.6,13201.98047
208,306,49269.32,16311,161,16959,0,1,0,156.3,52.25,3138.9,-2610.13,73.5,12.55,4.06,4,3.35,136.6,13036.42969
209,307,49517.11,12584,167,18385,0,1,0,156.3,53.21,571.47,-1334.5,73.26,12.55,4.06,4,3.35,136.6,13072.42969
210,308,49492.32,15968,202,17817,0,1,0,156.3,52.91,1879.06,-2370.17,73.07,12.55,4.06,4,3.35,136.6,13128.9502
211,309,49584.16,16946,198,17652,0,1,0,156.3,53.57,1076.62,-188.1,73.11,12.55,4.06,4,3.35,136.6,13112.63965
212,310,49034.67,15590,191,15975,0,1,0,156.3,52.36,971.06,-942.07,73.08,12.55,4.06,4,3.35,136.6,12998.5
213,313,48564.27,13788,145,14457,0,1,0,156.3,52.36,650.6,-42.51,73.14,12.55,4.06,4,3.35,136.6,13097.83984
214,314,49398.29,10064,137,17411,0,1,0,156.3,52.98,257.55,-199.3,73.2,12.55,4.06,4,3.35,136.6,13197.17969
215,315,49792.12,13823,162,16988,0,1,0,156.3,53.24,2289.05,-864.62,73.08,12.55,4.06,4,3.35,136.6,13457.25
216,316,49624.76,15223,151,19965,0,1,0,156.3,53.13,1614.66,-1039.48,72.96,12.55,4.06,4,3.35,136.6,13530.91016
217,317,48878.54,14545,163,18002,0,1,0,156.3,52.27,-635.69,-1290.35,72.98,12.55,4.06,4,3.35,136.6,13543.05957
218,320,48347.59,13203,131,13298,0,1,0,156.3,52.77,-765.3,-387.76,73.01,12.55,4.06,4,3.35,136.6,13635.99023
219,322,47409.93,11666,123,14301,0,1,0,156.3,52.85,-1688.22,-3.38,73.05,12.55,4.06,4,3.35,136.6,13270.59961
220,323,46874.36,18855,163,20746,0,1,0,156.3,52.34,-3712.51,1736.92,72.91,12.55,4.06,4,3.35,136.6,13337.16016
221,324,46285.77,13083,137,14808,0,1,0,156.3,52.2,-5930.66,2443.2,72.84,12.55,4.06,4,3.35,136.6,13070.69043
222,327,48600.61,11427,118,11858,0,2,0,156.6,53.55,1494.23,-90.46,73.11,12.55,5.03,4,3.35,129.9,13403.38965
223,328,49797.72,8635,94,13423,0,2,0,156.6,54.76,6181.56,-2035.2,72.95,12.55,5.03,4,3.35,129.9,13612.78027
224,329,50255.75,11039,110,14225,0,2,0,156.6,55.69,2520.92,-399.74,72.84,12.55,5.03,4,3.35,129.9,13610.54004
225,330,50614.29,12899,107,17824,0,2,0,156.6,56.23,1936.74,-768.55,72.93,12.55,5.03,4,3.35,129.9,13777.74023
226,331,50731.63,12408,120,15853,0,2,0,156.6,56.85,1461.71,-1418.65,72.85,12.55,5.03,4,3.35,129.9,13856.29981
227,334,51348.77,11831,84,11904,0,2,0,156.6,57.97,1876.6,-504.86,72.9,12.55,5.03,4,3.35,129.9,13987.63965
228,335,51329.08,9110,78,14016,0,2,0,156.6,58.36,1300.65,-1756.24,72.83,12.55,5.03,4,3.35,129.9,14007.7002
229,336,51309.39,11067,94,13087,0,2,0,156.6,58.68,1786.97,-2075.68,72.82,12.55,5.03,4,3.35,129.9,13972.53027
230,337,51531.52,12923,108,11764,0,2,0,156.6,58.24,944.36,-707.68,72.69,12.55,5.03,4,3.35,129.9,14025.76953
231,338,51544.3,9309,87,15858,0,2,0,156.6,59.47,-37.33,-597.62,72.6,12.55,5.03,4,3.35,129.9,14095.46973
232,341,52154.13,11649,90,9489,0,2,90450,156.6,60.09,1234.15,-1048.55,72.73,12.55,5.03,4,3.35,129.9,14071.48486
233,342,52104.17,9121,81,11805,0,2,118221,156.6,60.05,1144.09,-1559.53,72.86,12.55,5.03,4,3.35,129.9,14047.5
234,343,51703.83,11610,100,11833,0,2,125777,156.6,61.14,1008.2,-1283.38,72.81,12.55,5.03,4,3.35,129.9,13965.49023
235,344,51324.69,12881,101,11987,0,2,122816,156.6,60.52,903.07,-1217.34,72.65,12.55,5.03,4,3.35,129.9,13865.36035
236,345,50889.76,13193,97,10896,0,2,292010,156.6,59.24,118.75,-1174.98,72.5,12.55,5.03,4,3.35,129.9,13874.45996
237,348,49744.32,14199,83,9695,0,2,154900,156.6,61.49,-893.25,-919.88,72.48,12.55,5.03,4,3.35,129.9,13533.04981
238,349,49751.41,10584,78,13255,0,2,206093,156.6,61.67,-1569.04,216.67,72.44,12.55,5.03,4,3.35,129.9,13465.2002
239,350,50781.69,13742,104,14037,0,2,160119,156.6,63.22,28739.17,230.44,72.38,12.55,5.03,4,3.35,129.9,13597.96973
240,351,51039.31,16738,138,11799,0,2,379105,156.6,63.53,188.08,-746.57,72.74,12.55,5.03,4,3.35,129.9,13119.42969
241,352,49099.99,16577,120,12179,0,2,343224,156.6,61.5,-8295.17,1499.7,73.92,12.55,5.03,4,3.35,129.9,13192.34961
242,355,49849.84,32262,219,23006,0,2,141608,156.8,60.64,125.15,-194.88,73.4,12.55,5.52,4,3.35,145.5,13588.83008
243,356,50296.89,12286,91,12464,0,2,116179,156.8,59.75,2223.16,-854.04,73.29,12.55,5.52,4,3.35,145.5,13358.79004
244,357,51444.65,14989,98,13123,0,2,162949,156.8,61.28,2088.7,392.91,72.85,12.55,5.52,4,3.35,145.5,12997.75
245,358,50846.08,17407,89,14031,0,2,331741,156.8,63.83,-223.11,-788.19,72.73,12.55,5.52,4,3.35,145.5,12723.46973
246,359,50405.32,35165,221,28053,0,2,292353,156.8,66.09,-2014.16,-1191.19,73.21,12.55,5.52,4,3.35,145.5,12920.15039
247,362,50441.07,15388,77,16596,0,2,304343,156.8,65.05,-1494.49,483.62,73.32,12.55,5.52,4,3.35,145.5,12609.16016
248,363,51025.48,17921,133,20652,0,2,298229,156.8,64.01,2801.87,1250.22,72.89,12.55,5.52,4,3.35,145.5,13073.82031
249,364,51279.51,22854,126,18100,0,2,286851,156.8,64.44,-15.69,447.67,72.86,12.55,5.52,4,3.35,145.5,13068.83008
250,366,50792.08,24572.5,122,17777.5,0,2,413874,156.8,65.61,-942.6,-163.87,72.71,12.55,5.52,4,3.35,145.5,13319.86035
251,369,50395.08,26291,118,17455,0,2,412295,156.8,65.39,-1101.35,-749.71,72.58,12.55,5.52,4,3.35,145.5,13459.70996
252,370,50363.96,24492,131,20191,0,2,334551,156.8,64.8,1692.31,-1168.59,72.52,12.55,5.52,4,3.35,145.5,13471.57031
253,371,49801.62,28903,188,17741,0,2,339969,156.8,64.6,2625.82,-562.15,72.56,12.55,5.52,4,3.35,145.5,13525.2002
254,372,49216.52,35871,172,17741,0,2,371119,156.8,60,1258.47,-1116.17,72.63,12.55,5.52,4,3.35,145.5,13116.16992
255,373,49858.24,39726,154,20654,0,2,307775,156.8,61.42,1418.43,559.62,72.45,12.55,5.52,4,3.35,145.5,13215.24023
256,376,49771.29,46951,212,21180,0,2,371745,156.8,61.55,-786.98,542.7,72.37,12.55,5.52,4,3.35,145.5,13377.54004
257,377,50051.44,40715,199,29785,0,2,245893,156.8,57.76,-108.24,-529.69,72.52,12.55,5.52,4,3.35,145.5,13227.7002
258,378,49180.31,47262,275,23907,0,2,189837,156.8,61.18,-1951.9,612.8,72.59,12.55,5.52,4,3.35,145.5,12961.88965
259,379,48440.12,53476,251,26490,0,2,203797,156.8,58.56,-3383.6,2267.69,72.69,12.55,5.52,4,3.35,145.5,12977.67969
260,380,49008.5,54843.5,261,31759,0,2,180187,156.8,60.97,-50.13,1703.14,72.65,12.55,5.52,4,3.35,145.5,13138.73047
261,384,50136.58,56211,271,37028,0,2,163362,156.8,60.55,769.47,2181.01,73.45,12.55,5.52,4,3.35,145.5,13045.38965
262,385,49509.15,53480,354,41280,0,2,269377,156.8,59.16,-1685.91,2081.52,73.14,12.55,5.52,4,3.35,145.5,13246.87012
263,386,50029.83,72330,459,40382,0,2,305645,157.8,61.45,149.41,-296.84,73.32,12.55,4.23,4,3.35,126.7,13480.11035
264,390,49159.32,103558,478,52847,0,2,407292,157.8,58.65,-471.67,59.875,73.29,12.55,4.23,4,3.35,126.7,13705.58984
265,391,49201.39,96982,446,50143,0,2,306842,157.8,59.33,-1092.75,416.59,73.49,12.55,4.23,4,3.35,126.7,13698.37988
266,392,49661.76,115736,630,59856,0,2,295187,157.8,59.77,227.42,381.08,74.35,12.55,4.23,4,3.35,126.7,13688.83984
267,393,49746.21,126789,685,59258,0,2,442094,157.8,59.6,110.85,552.78,74.57,12.55,4.23,4,3.35,126.7,13829.30957
268,394,49591.32,131968,780,61899,0,2,433568,157.8,59.32,-653.51,-271.26,74.72,12.55,4.23,4,3.35,126.7,13900.19043
269,397,47883.38,168912,904,75086,0,2,548881,157.8,59.7,-1746.43,232.76,75.03,12.55,4.23,4,3.35,126.7,13850
270,398,48544.06,161736,879,97168,0,2,387618,157.8,60.18,-730.81,243.8,75.27,12.55,4.23,4,3.35,126.7,13996.09961
271,400,48803.68,200739,1038,93528,0,2,560215,157.8,63.46,979.7,-526.63,74.81,12.55,4.23,4,3.35,126.7,14038.75977
272,401,48832.03,217353,1185,118302,0,2,654903,157.8,63.13,437.51,657.55,74.48,12.55,4.23,4,3.35,126.7,14052.33984
273,404,47949.42,273810,1619,144178,0,2,989136,157.8,63.38,-1633.7,2355.56,74.87,12.55,4.23,4,3.35,126.7,13914.76953
274,405,47705.8,259170,1761,154761,0,2,251406,157.8,62.44,-1082.33,1323.01,75.38,12.55,4.23,4,3.35,126.7,13786.26953
275,407,48080.67,314835,2104,178841,0,2,1197595,157.8,61.43,-909.56,849.98,75.11,12.55,4.23,4,3.35,126.7,13818.41016
276,408,47878.45,332730,2263,193279,0,2,739942,157.8,62.14,-1360.76,1695.59,74.97,12.55,4.23,4,3.35,126.7,14016.80957
277,411,48386.51,352991,2812,219272,0,2,1248530,157.8,61.91,-1111.89,1022.57,74.75,12.55,4.23,4,3.35,126.7,14138.78027
278,412,48944.14,323144,2771,251827,0,2,977251,157.8,62.94,-1454.75,1463.44,74.58,12.55,4.23,4,3.35,126.7,14090.21973
279,413,49733.84,360960,3293,261162,0,2,899267,157.8,63.86,766.02,436.2,74.49,12.55,4.23,4,3.35,126.7,14051.03027
280,414,49765.94,379257,3645,269507,0,2,941651,157.8,65.01,809.37,-942.35,74.07,12.55,4.23,4,3.35,126.7,14082.54981
281,415,48782.36,386452,3498,297540,0,2,1164291,157.8,63.58,-3465.07,1419.31,74,12.55,4.23,4,3.35,126.7,13962.67969
282,418,48718.52,368147,3417,300732,0,2,878101,160.4,64.49,-2289.46,552.92,73.82,12.55,6.3,4,3.35,116.6,13895.12012
283,419,48253.51,357229,3449,320289,0,2,737372,160.4,65.69,-1772.37,987.34,73.8,12.55,6.3,4,3.35,116.6,13633.5
284,420,48677.55,382315,3780,338439,0,2,1077764,160.4,65.63,-1110.5,-240.61,73.81,12.55,6.3,4,3.35,116.6,13582.41992
285,421,48949.76,412262,3980,329113,0,2,1344116,160.4,64.71,1222.58,-632.51,73.64,12.55,6.3,4,3.35,116.6,13632.83984
286,422,49206.47,414188,3915,331507,0,2,1350460,160.4,64.9,-1142.75,1468.09,73.27,12.55,6.3,4,3.35,116.6,13752.24023
287,425,49502.41,366161,3754,353818,0,2,1456713,160.4,64.92,583.69,-476.26,73.41,12.55,6.3,4,3.35,116.6,13401.86035
288,426,49161.81,329942,3876,356082,0,2,1398393,160.4,65.28,-336,-676.67,73.39,12.55,6.3,4,3.35,116.6,13389.42969
289,427,48690.8,348421,4205,355338,0,2,935034,160.4,66.08,-1260.59,-704.36,73.53,12.55,6.3,4,3.35,116.6,13031.67969
290,429,48732.55,0,0,0,0,2,510695,160.4,65.37,-2607.85,613.26,73.23,12.55,6.3,4,3.35,116.6,13429.98047
291,432,49580.73,281386,4106,378741,0,2,240315,160.4,66.27,-2255.84,1948.48,73.3,12.55,6.3,4,3.35,116.6,13379.04981
292,433,50193.33,263533,4329,422436,0,2,194416,160.4,65.49,618.49,449.52,73.04,12.55,6.3,4,3.35,116.6,13303.63965
293,434,49902.64,267334,4529,389851,0,2,155592,160.4,63.36,-697.75,-852.52,73.2,12.55,6.3,4,3.35,116.6,13299.74023
294,435,49564.86,276110,3874,369077,0,2,185239,160.4,62.05,71.04,-876.06,73.03,12.55,6.3,4,3.35,116.6,13535.74023
295,436,50540.48,259551,4209,357295,0,2,180324,160.4,63.58,510.16,649.1,72.82,12.55,6.3,4,3.35,116.6,13470.99023
296,439,50651.9,222315,4454,302544,0,2,178154,160.4,66.05,585.36,-707.69,72.86,12.55,6.3,4,3.35,116.6,13661.16992
297,440,50637.53,196427,3511,326850,0,2,131194,160.4,66.07,959.77,-563.59,72.78,12.55,6.3,4,3.35,116.6,13657.16992
298,441,51017.52,208921,4157,295955,0,2,240574,160.4,66.21,241.6,-438.59,72.71,12.55,6.3,4,3.35,116.6,13738
299,442,51115.22,211298,3847,283135,0,2,183586,160.4,66.85,-660.9,112.38,72.59,12.55,6.3,4,3.35,116.6,13736.28027
300,443,51422.88,186364,3660,259459,0,2,141680,160.4,66.32,875.745,146.08,72.42,12.55,6.3,4,3.35,116.6,13748.74023
301,446,51937.44,152734,3128,238022,0,2,191700,160.4,66.96,2412.39,179.78,72.625,12.55,6.3,4,3.35,116.6,13742.61035
302,447,51934.88,127510,2795,255287,0,2,291748,161.3,67.72,-449.86,230.49,72.83,12.55,6.26,4,3.35,116.6,13736.48047
303,448,51849.48,132788,3207,231456,0,2,260784,161.3,68.83,921.1,241.76,72.97,12.55,6.26,4,3.35,116.6,13756.33008
304,449,52232.43,134154,2887,211499,0,2,236125,161.3,68.81,1079.2,-278.97,73.01,12.55,6.26,4,3.35,116.6,13614.50977
305,450,52100.05,132364,2713,207071,0,2,387353,161.3,69.62,1499.37,-1175.01,72.87,12.55,6.26,4,3.35,116.6,13814.49023
306,453,52328.51,100636,2427,174399,0,2,223732,161.3,69.23,-186.46,983.97,72.8,12.55,6.26,4,3.35,116.6,13881.71973
307,454,52275.57,86498,2123,182282,0,2,327962,161.3,70.05,1422.71,-1626.98,72.93,12.55,6.26,4,3.35,116.6,13924.91016
308,455,51941.64,92596,2219,162664,0,2,317090,161.3,69.96,1376.205,-1101.085,72.98,12.55,6.26,4,3.35,116.6,13911.75
309,456,52300.47,94052,6148,151367,0,2,321782,161.3,70.29,1329.7,-575.19,73.1,12.55,6.26,4,3.35,116.6,14020.33008
310,457,52474.76,91702,3403,134580,0,2,331682,161.3,70.91,18.64,666.36,73.24,12.55,6.26,4,3.35,116.6,14069.41992
311,460,52551.53,70421,3921,119501,0,2,331737,161.3,70.88,-503.51,544.26,73.16,12.55,6.26,4,3.35,116.6,14174.13965
312,461,52773.05,60471,2726,117525,0,2,285077,161.3,72.12,633.69,-649.29,73.35,12.55,6.26,4,3.35,116.6,14072.86035
313,462,52501.98,62224,2542,107628,0,2,408555,161.3,72.15,-870.29,-874.2,73.31,12.55,6.26,4,3.35,116.6,14039.67969
314,463,52323.33,67208,2330,103570,0,2,534111,161.3,71.04,-879.73,45.24,74.16,12.55,6.26,4,3.35,116.6,14161.34961
315,464,52344.45,62480,1587,88977,0,2,395886,161.3,71.64,2680.57,446.2,74.14,12.55,6.26,4,3.35,116.6,14030.37988
316,467,52574.46,53256,1422,78190,0,2,823813,161.3,73.66,-1244.71,138.09,74.18,12.55,6.26,4,3.35,116.6,14141.48047
317,468,52588.71,42640,1167,81839,0,2,700140,161.3,73.06,-1027.94,302.45,74.37,12.55,6.26,4,3.35,116.6,14253.26953
318,469,52306.08,50848,1358,68817,0,2,380549,161.3,73.08,3156.53,1317.2,74.13,12.55,6.26,4,3.35,116.6,14271.73047
319,470,52699,78292,2004,101114.5,0,2,752015,161.3,73.3,-2890.94,1138.76,74.14,12.55,6.26,4,3.35,116.6,14369.70996
320,471,52925.04,105736,2650,133412,0,2,899788,161.3,74.05,-678.84,1832.76,74.14,12.55,6.26,4,3.35,116.6,14360.38965
321,474,52735.59,46148,979,58578,0,2,763711,161.3,72.91,-1658.72,1277.08,74.29,12.55,6.26,4,3.35,116.6,14500.50977
322,475,52549.66,37566,907,56994,0,2,1368102,161.3,72.98,116.63,1810.05,74.29,12.55,6.26,4,3.35,116.6,14528.33008
323,476,52482.71,45951,817,60729,0,2,502204,161.3,73.47,-1646.66,1520.18,74.33,12.55,6.26,4,3.35,116.6,14503.9502
324,477,52318.6,48786,1005,61588,0,2,1300452,162.5,75.23,-1245.29,880.6,74.56,12.55,5.59,4,3.35,116.6,14522.37988
325,478,52484.67,46617,853,59384,0,2,284215,162.5,75.16,-982.8,930.39,74.51,12.55,5.59,4,3.35,116.6,14639.33008
326,481,52880,39796,723,42352,0,2,1554455,162.5,76.25,-338.43,645.59,74.545,12.55,5.59,4,3.35,116.6,14651.48486
327,482,52861.18,34703,553,51864,0,2,1047350,162.5,73.37,-543.3,521.3,74.58,12.55,5.59,4,3.35,116.6,14663.63965
328,483,53054.76,43733,930,47240,0,2,1360917,162.5,72.2,532.94,-231.8,74.81,12.55,5.59,4,3.35,116.6,14665.05957
329,484,52568.94,45892,817,44291,0,2,3426303,162.5,72.94,-554.92,-949.18,74.76,12.55,5.59,4,3.35,116.6,14559.78027
330,485,52386.19,43393,911,44459,0,2,1274389.5,162.5,74.56,-1124.65,106.55,74.53,12.55,5.59,4,3.35,116.6,14701.91992
331,488,52372.69,37154,724,39649,0,2,1521216,162.5,74.1,-745.97,447.42,74.56,12.55,5.59,4,3.35,116.6,14733.24023
332,489,52769.73,31443,2020,49007,0,2,1455531,162.5,75.25,113.83,344.19,74.51,12.55,5.59,4,3.35,116.6,14677.65039
333,490,52904.05,40255,624,41000,0,2,1500593,162.5,73.13,-1303.95,1335.91,74.54,12.55,5.59,4,3.35,116.6,14644.9502
334,491,53158.85,41806,581,39130,0,2,1416589,162.5,71.65,-264.77,439.41,74.55,12.55,5.59,4,3.35,116.6,14543.12988
335,492,53140.06,38949,542,40026,0,2,1803075,162.5,71.81,-466.3,666.07,74.61,12.55,5.59,4,3.35,116.6,14427.24023
336,495,52553.4,38164,499,38660,0,2,1207832.5,162.5,66.42,-2198.71,1047.66,74.85,12.55,5.59,4,3.35,116.6,14274.98047
337,496,52198.51,72108,4372,82231,0,2,1302625,162.5,67.42,-2834.96,873.14,74.6,12.55,5.59,4,3.35,116.6,14498.87988
338,498,52837.21,41383,507,38652,0,2,1879940,162.5,71.91,-247.59,942.55,74.46,12.55,5.59,4,3.35,116.6,14684.59961
339,499,52975.8,97462.5,1243.5,94209.5,0,2,1590566,162.5,72.07,-163.31,2187.8,74.44,12.55,5.59,4,3.35,116.6,14836.99023
340,502,52852.27,153542,1980,149767,0,2,2002952,162.5,71.91,-2376.79,1551.27,74.35,12.55,5.59,4,3.35,116.6,14840.70996
341,503,52578.76,29689,415,42363,0,2,1436352,162.5,71.65,-1459.08,729.96,74.5,12.55,5.59,4,3.35,116.6,14660.58008
342,504,52443.71,43654,640,41678,0,2,1328388,162.5,72.39,-2274.77,921.45,74.52,12.55,5.59,4,3.35,116.6,14762.58008
343,505,52653.07,43509,640,38465,0,2,1732029,162.5,73.62,-866.26,2046.96,74.25,12.55,5.59,4,3.35,116.6,14778.25977
344,506,52586.84,82294,700,68104,0,2,1805151,162.5,73.95,-3848.31,2956.68,74.34,12.55,5.59,4,3.35,116.6,14672.67969
